{
	"best_step": 499,
	"eval_AUROC-image": 0.9787319422150882,
	"eval_AUROC-pixel": 0.9762419690091277,
	"eval_AUPRO-pixel": 0.9777136532113966,
	"_timestamp": 1699762916,
	"_runtime": 343
}