{
	"latest_step": 5000,
	"eval_AUROC-image": 0.9526484751203853,
	"eval_AUROC-pixel": 0.9481193800505009,
	"eval_AUPRO-pixel": 0.9479801085382485,
	"_timestamp": 1699765999,
	"_runtime": 3426
}