{
	"best_step": 3999,
	"eval_AUROC-image": 1.0,
	"eval_AUROC-pixel": 0.9734644171679536,
	"eval_AUPRO-pixel": 0.9716800410723634,
	"_timestamp": 1699792935,
	"_runtime": 1364
}