{
	"latest_step": 5000,
	"eval_AUROC-image": 1.0,
	"eval_AUROC-pixel": 0.9735287856541073,
	"eval_AUPRO-pixel": 0.970065958320839,
	"_timestamp": 1699793275,
	"_runtime": 1704
}