{
	"latest_step": 5000,
	"eval_AUROC-image": 1.0,
	"eval_AUROC-pixel": 0.9938243179748418,
	"eval_AUPRO-pixel": 0.9891520061980953,
	"_timestamp": 1699791564,
	"_runtime": 2260
}