{
	"best_step": 2299,
	"eval_AUROC-image": 0.9995112414467253,
	"eval_AUROC-pixel": 0.9399779572620292,
	"eval_AUPRO-pixel": 0.9746724539595181,
	"_timestamp": 1699786216,
	"_runtime": 804
}