{
	"latest_step": 5000,
	"eval_AUROC-image": 0.9970674486803519,
	"eval_AUROC-pixel": 0.9132053777371709,
	"eval_AUPRO-pixel": 0.9660120921542962,
	"_timestamp": 1699787155,
	"_runtime": 1743
}