{
	"best_step": 3699,
	"eval_AUROC-image": 1.0,
	"eval_AUROC-pixel": 0.9904715718763051,
	"eval_AUPRO-pixel": 0.9915061937214752,
	"_timestamp": 1699767690,
	"_runtime": 1684
}