{
	"latest_step": 5000,
	"eval_AUROC-image": 1.0,
	"eval_AUROC-pixel": 0.9863568011667375,
	"eval_AUPRO-pixel": 0.986359598817054,
	"_timestamp": 1699768238,
	"_runtime": 2232
}