{
	"best_step": 3299,
	"eval_AUROC-image": 0.9176060668169708,
	"eval_AUROC-pixel": 0.9524762873214935,
	"eval_AUPRO-pixel": 0.939483601357367,
	"_timestamp": 1699797238,
	"_runtime": 1147
}