{
	"latest_step": 5000,
	"eval_AUROC-image": 0.8905513424882149,
	"eval_AUROC-pixel": 0.94266087913418,
	"eval_AUPRO-pixel": 0.928629135636015,
	"_timestamp": 1699797828,
	"_runtime": 1737
}