{
	"best_step": 2599,
	"eval_AUROC-image": 1.0,
	"eval_AUROC-pixel": 0.9957976050823905,
	"eval_AUPRO-pixel": 0.9963466585112515,
	"_timestamp": 1699769841,
	"_runtime": 1596
}