{
	"latest_step": 5000,
	"eval_AUROC-image": 0.9491666666666666,
	"eval_AUROC-pixel": 0.8099834141377769,
	"eval_AUPRO-pixel": 0.8538956668221444,
	"_timestamp": 1699800465,
	"_runtime": 2630
}