{
	"best_step": 2999,
	"eval_AUROC-image": 1.0,
	"eval_AUROC-pixel": 0.995314768142491,
	"eval_AUPRO-pixel": 0.9949773886489306,
	"_timestamp": 1699773007,
	"_runtime": 1696
}