{
	"best_step": 3599,
	"eval_AUROC-image": 0.9982142857142857,
	"eval_AUROC-pixel": 0.9827575148789528,
	"eval_AUPRO-pixel": 0.9917401856296425,
	"_timestamp": 1699784700,
	"_runtime": 1819
}