{
	"latest_step": 5000,
	"eval_AUROC-image": 1.0,
	"eval_AUROC-pixel": 0.9683910817389811,
	"eval_AUPRO-pixel": 0.9896449708091615,
	"_timestamp": 1699785405,
	"_runtime": 2524
}