{
	"best_step": 4499,
	"eval_AUROC-image": 0.9888161483906165,
	"eval_AUROC-pixel": 0.9899677199559656,
	"eval_AUPRO-pixel": 0.9923002799244199,
	"_timestamp": 1699789084,
	"_runtime": 1922
}