{
	"latest_step": 5000,
	"eval_AUROC-image": 0.9852700490998363,
	"eval_AUROC-pixel": 0.9894071900550769,
	"eval_AUPRO-pixel": 0.9924065452177159,
	"_timestamp": 1699789297,
	"_runtime": 2135
}